0.000us,0V
0.001us,5V
2.000us,5V
2.001us,0V
40.000us,0V
40.001us,5V
42.000us,5V
42.001us,0V
79.883us,0V
79.884us,5V
81.883us,5V
81.884us,0V
119.650us,0V
119.651us,5V
121.650us,5V
121.651us,0V
159.300us,0V
159.301us,5V
161.300us,5V
161.301us,0V
198.833us,0V
198.834us,5V
200.833us,5V
200.834us,0V
238.250us,0V
238.251us,5V
240.250us,5V
240.251us,0V
277.550us,0V
277.551us,5V
279.550us,5V
279.551us,0V
316.733us,0V
316.734us,5V
318.733us,5V
318.734us,0V
355.800us,0V
355.801us,5V
357.800us,5V
357.801us,0V
394.750us,0V
394.751us,5V
396.750us,5V
396.751us,0V
433.583us,0V
433.584us,5V
435.583us,5V
435.584us,0V
472.300us,0V
472.301us,5V
474.300us,5V
474.301us,0V
510.900us,0V
510.901us,5V
512.900us,5V
512.901us,0V
549.383us,0V
549.384us,5V
551.383us,5V
551.384us,0V
587.750us,0V
587.751us,5V
589.750us,5V
589.751us,0V
626.000us,0V
626.001us,5V
628.000us,5V
628.001us,0V
664.133us,0V
664.134us,5V
666.133us,5V
666.134us,0V
702.150us,0V
702.151us,5V
704.150us,5V
704.151us,0V
740.050us,0V
740.051us,5V
742.050us,5V
742.051us,0V
777.833us,0V
777.834us,5V
779.833us,5V
779.834us,0V
815.500us,0V
815.501us,5V
817.500us,5V
817.501us,0V
853.050us,0V
853.051us,5V
855.050us,5V
855.051us,0V
890.483us,0V
890.484us,5V
892.483us,5V
892.484us,0V
927.800us,0V
927.801us,5V
929.800us,5V
929.801us,0V
965.000us,0V
965.001us,5V
967.000us,5V
967.001us,0V
1002.083us,0V
1002.084us,5V
1004.083us,5V
1004.084us,0V
1039.050us,0V
1039.051us,5V
1041.050us,5V
1041.051us,0V
1075.900us,0V
1075.901us,5V
1077.900us,5V
1077.901us,0V
1112.633us,0V
1112.634us,5V
1114.633us,5V
1114.634us,0V
1149.250us,0V
1149.251us,5V
1151.250us,5V
1151.251us,0V
1185.750us,0V
1185.751us,5V
1187.750us,5V
1187.751us,0V
1222.133us,0V
1222.134us,5V
1224.133us,5V
1224.134us,0V
1258.400us,0V
1258.401us,5V
1260.400us,5V
1260.401us,0V
1294.550us,0V
1294.551us,5V
1296.550us,5V
1296.551us,0V
1330.583us,0V
1330.584us,5V
1332.583us,5V
1332.584us,0V
1366.500us,0V
1366.501us,5V
1368.500us,5V
1368.501us,0V
1402.300us,0V
1402.301us,5V
1404.300us,5V
1404.301us,0V
1437.983us,0V
1437.984us,5V
1439.983us,5V
1439.984us,0V
1473.550us,0V
1473.551us,5V
1475.550us,5V
1475.551us,0V
1509.000us,0V
1509.001us,5V
1511.000us,5V
1511.001us,0V
1544.333us,0V
1544.334us,5V
1546.333us,5V
1546.334us,0V
1579.550us,0V
1579.551us,5V
1581.550us,5V
1581.551us,0V
1614.650us,0V
1614.651us,5V
1616.650us,5V
1616.651us,0V
1649.633us,0V
1649.634us,5V
1651.633us,5V
1651.634us,0V
1684.500us,0V
1684.501us,5V
1686.500us,5V
1686.501us,0V
1719.250us,0V
1719.251us,5V
1721.250us,5V
1721.251us,0V
1753.883us,0V
1753.884us,5V
1755.883us,5V
1755.884us,0V
1788.400us,0V
1788.401us,5V
1790.400us,5V
1790.401us,0V
1822.800us,0V
1822.801us,5V
1824.800us,5V
1824.801us,0V
1857.083us,0V
1857.084us,5V
1859.083us,5V
1859.084us,0V
1891.250us,0V
1891.251us,5V
1893.250us,5V
1893.251us,0V
1925.300us,0V
1925.301us,5V
1927.300us,5V
1927.301us,0V
1959.233us,0V
1959.234us,5V
1961.233us,5V
1961.234us,0V
1993.050us,0V
1993.051us,5V
1995.050us,5V
1995.051us,0V
2026.750us,0V
2026.751us,5V
2028.750us,5V
2028.751us,0V
2060.333us,0V
2060.334us,5V
2062.333us,5V
2062.334us,0V
2093.800us,0V
2093.801us,5V
2095.800us,5V
2095.801us,0V
2127.150us,0V
2127.151us,5V
2129.150us,5V
2129.151us,0V
2160.383us,0V
2160.384us,5V
2162.383us,5V
2162.384us,0V
2193.500us,0V
2193.501us,5V
2195.500us,5V
2195.501us,0V
2226.500us,0V
2226.501us,5V
2228.500us,5V
2228.501us,0V
2259.383us,0V
2259.384us,5V
2261.383us,5V
2261.384us,0V
2292.150us,0V
2292.151us,5V
2294.150us,5V
2294.151us,0V
2324.800us,0V
2324.801us,5V
2326.800us,5V
2326.801us,0V
2357.333us,0V
2357.334us,5V
2359.333us,5V
2359.334us,0V
2389.750us,0V
2389.751us,5V
2391.750us,5V
2391.751us,0V
2422.050us,0V
2422.051us,5V
2424.050us,5V
2424.051us,0V
2454.233us,0V
2454.234us,5V
2456.233us,5V
2456.234us,0V
2486.300us,0V
2486.301us,5V
2488.300us,5V
2488.301us,0V
2518.250us,0V
2518.251us,5V
2520.250us,5V
2520.251us,0V
2550.083us,0V
2550.084us,5V
2552.083us,5V
2552.084us,0V
2581.800us,0V
2581.801us,5V
2583.800us,5V
2583.801us,0V
2613.400us,0V
2613.401us,5V
2615.400us,5V
2615.401us,0V
2644.883us,0V
2644.884us,5V
2646.883us,5V
2646.884us,0V
2676.250us,0V
2676.251us,5V
2678.250us,5V
2678.251us,0V
2707.500us,0V
2707.501us,5V
2709.500us,5V
2709.501us,0V
2738.633us,0V
2738.634us,5V
2740.633us,5V
2740.634us,0V
2769.650us,0V
2769.651us,5V
2771.650us,5V
2771.651us,0V
2800.550us,0V
2800.551us,5V
2802.550us,5V
2802.551us,0V
2831.333us,0V
2831.334us,5V
2833.333us,5V
2833.334us,0V
2862.000us,0V
2862.001us,5V
2864.000us,5V
2864.001us,0V
2892.550us,0V
2892.551us,5V
2894.550us,5V
2894.551us,0V
2922.983us,0V
2922.984us,5V
2924.983us,5V
2924.984us,0V
2953.300us,0V
2953.301us,5V
2955.300us,5V
2955.301us,0V
2983.500us,0V
2983.501us,5V
2985.500us,5V
2985.501us,0V
3013.583us,0V
3013.584us,5V
3015.583us,5V
3015.584us,0V
3043.550us,0V
3043.551us,5V
3045.550us,5V
3045.551us,0V
3073.400us,0V
3073.401us,5V
3075.400us,5V
3075.401us,0V
3103.133us,0V
3103.134us,5V
3105.133us,5V
3105.134us,0V
3132.750us,0V
3132.751us,5V
3134.750us,5V
3134.751us,0V
3162.250us,0V
3162.251us,5V
3164.250us,5V
3164.251us,0V
3191.633us,0V
3191.634us,5V
3193.633us,5V
3193.634us,0V
3220.900us,0V
3220.901us,5V
3222.900us,5V
3222.901us,0V
3250.050us,0V
3250.051us,5V
3252.050us,5V
3252.051us,0V
3279.083us,0V
3279.084us,5V
3281.083us,5V
3281.084us,0V
3308.000us,0V
3308.001us,5V
3310.000us,5V
3310.001us,0V
3336.800us,0V
3336.801us,5V
3338.800us,5V
3338.801us,0V
3365.483us,0V
3365.484us,5V
3367.483us,5V
3367.484us,0V
3394.050us,0V
3394.051us,5V
3396.050us,5V
3396.051us,0V
3422.500us,0V
3422.501us,5V
3424.500us,5V
3424.501us,0V
3450.833us,0V
3450.834us,5V
3452.833us,5V
3452.834us,0V
3479.050us,0V
3479.051us,5V
3481.050us,5V
3481.051us,0V
3507.150us,0V
3507.151us,5V
3509.150us,5V
3509.151us,0V
3535.133us,0V
3535.134us,5V
3537.133us,5V
3537.134us,0V
3563.000us,0V
3563.001us,5V
3565.000us,5V
3565.001us,0V
3590.750us,0V
3590.751us,5V
3592.750us,5V
3592.751us,0V
3618.383us,0V
3618.384us,5V
3620.383us,5V
3620.384us,0V
3645.900us,0V
3645.901us,5V
3647.900us,5V
3647.901us,0V
3673.300us,0V
3673.301us,5V
3675.300us,5V
3675.301us,0V
3700.583us,0V
3700.584us,5V
3702.583us,5V
3702.584us,0V
3727.750us,0V
3727.751us,5V
3729.750us,5V
3729.751us,0V
3754.800us,0V
3754.801us,5V
3756.800us,5V
3756.801us,0V
3781.733us,0V
3781.734us,5V
3783.733us,5V
3783.734us,0V
3808.550us,0V
3808.551us,5V
3810.550us,5V
3810.551us,0V
3835.250us,0V
3835.251us,5V
3837.250us,5V
3837.251us,0V
3861.833us,0V
3861.834us,5V
3863.833us,5V
3863.834us,0V
3888.300us,0V
3888.301us,5V
3890.300us,5V
3890.301us,0V
3914.650us,0V
3914.651us,5V
3916.650us,5V
3916.651us,0V
3940.883us,0V
3940.884us,5V
3942.883us,5V
3942.884us,0V
3967.000us,0V
3967.001us,5V
3969.000us,5V
3969.001us,0V
3993.000us,0V
3993.001us,5V
3995.000us,5V
3995.001us,0V
4018.883us,0V
4018.884us,5V
4020.883us,5V
4020.884us,0V
4044.650us,0V
4044.651us,5V
4046.650us,5V
4046.651us,0V
4070.300us,0V
4070.301us,5V
4072.300us,5V
4072.301us,0V
4095.833us,0V
4095.834us,5V
4097.833us,5V
4097.834us,0V
4121.250us,0V
4121.251us,5V
4123.250us,5V
4123.251us,0V
4146.550us,0V
4146.551us,5V
4148.550us,5V
4148.551us,0V
4171.733us,0V
4171.734us,5V
4173.733us,5V
4173.734us,0V
4196.800us,0V
4196.801us,5V
4198.800us,5V
4198.801us,0V
4221.750us,0V
4221.751us,5V
4223.750us,5V
4223.751us,0V
4246.583us,0V
4246.584us,5V
4248.583us,5V
4248.584us,0V
4271.300us,0V
4271.301us,5V
4273.300us,5V
4273.301us,0V
4295.900us,0V
4295.901us,5V
4297.900us,5V
4297.901us,0V
4320.383us,0V
4320.384us,5V
4322.383us,5V
4322.384us,0V
4344.750us,0V
4344.751us,5V
4346.750us,5V
4346.751us,0V
4369.000us,0V
4369.001us,5V
4371.000us,5V
4371.001us,0V
4393.133us,0V
4393.134us,5V
4395.133us,5V
4395.134us,0V
4417.150us,0V
4417.151us,5V
4419.150us,5V
4419.151us,0V
4441.050us,0V
4441.051us,5V
4443.050us,5V
4443.051us,0V
4464.833us,0V
4464.834us,5V
4466.833us,5V
4466.834us,0V
4488.500us,0V
4488.501us,5V
4490.500us,5V
4490.501us,0V
4512.050us,0V
4512.051us,5V
4514.050us,5V
4514.051us,0V
4535.483us,0V
4535.484us,5V
4537.483us,5V
4537.484us,0V
4558.800us,0V
4558.801us,5V
4560.800us,5V
4560.801us,0V
4582.000us,0V
4582.001us,5V
4584.000us,5V
4584.001us,0V
4605.083us,0V
4605.084us,5V
4607.083us,5V
4607.084us,0V
4628.050us,0V
4628.051us,5V
4630.050us,5V
4630.051us,0V
4650.900us,0V
4650.901us,5V
4652.900us,5V
4652.901us,0V
4673.633us,0V
4673.634us,5V
4675.633us,5V
4675.634us,0V
4696.250us,0V
4696.251us,5V
4698.250us,5V
4698.251us,0V
4718.750us,0V
4718.751us,5V
4720.750us,5V
4720.751us,0V
4741.133us,0V
4741.134us,5V
4743.133us,5V
4743.134us,0V
4763.400us,0V
4763.401us,5V
4765.400us,5V
4765.401us,0V
4785.550us,0V
4785.551us,5V
4787.550us,5V
4787.551us,0V
4807.583us,0V
4807.584us,5V
4809.583us,5V
4809.584us,0V
4829.500us,0V
4829.501us,5V
4831.500us,5V
4831.501us,0V
4851.300us,0V
4851.301us,5V
4853.300us,5V
4853.301us,0V
4872.983us,0V
4872.984us,5V
4874.983us,5V
4874.984us,0V
4894.550us,0V
4894.551us,5V
4896.550us,5V
4896.551us,0V
4916.000us,0V
4916.001us,5V
4918.000us,5V
4918.001us,0V
4937.333us,0V
4937.334us,5V
4939.333us,5V
4939.334us,0V
4958.550us,0V
4958.551us,5V
4960.550us,5V
4960.551us,0V
4979.650us,0V
4979.651us,5V
4981.650us,5V
4981.651us,0V
5000.633us,0V
5000.634us,5V
5002.633us,5V
5002.634us,0V
5021.500us,0V
5021.501us,5V
5023.500us,5V
5023.501us,0V
5042.250us,0V
5042.251us,5V
5044.250us,5V
5044.251us,0V
5062.883us,0V
5062.884us,5V
5064.883us,5V
5064.884us,0V
5083.400us,0V
5083.401us,5V
5085.400us,5V
5085.401us,0V
5103.800us,0V
5103.801us,5V
5105.800us,5V
5105.801us,0V
5124.083us,0V
5124.084us,5V
5126.083us,5V
5126.084us,0V
5144.250us,0V
5144.251us,5V
5146.250us,5V
5146.251us,0V
5164.300us,0V
5164.301us,5V
5166.300us,5V
5166.301us,0V
5184.233us,0V
5184.234us,5V
5186.233us,5V
5186.234us,0V
5204.050us,0V
5204.051us,5V
5206.050us,5V
5206.051us,0V
5223.750us,0V
5223.751us,5V
5225.750us,5V
5225.751us,0V
5243.333us,0V
5243.334us,5V
5245.333us,5V
5245.334us,0V
5262.800us,0V
5262.801us,5V
5264.800us,5V
5264.801us,0V
5282.150us,0V
5282.151us,5V
5284.150us,5V
5284.151us,0V
5301.383us,0V
5301.384us,5V
5303.383us,5V
5303.384us,0V
5320.500us,0V
5320.501us,5V
5322.500us,5V
5322.501us,0V
5339.500us,0V
5339.501us,5V
5341.500us,5V
5341.501us,0V
5358.383us,0V
5358.384us,5V
5360.383us,5V
5360.384us,0V
5377.150us,0V
5377.151us,5V
5379.150us,5V
5379.151us,0V
5395.800us,0V
5395.801us,5V
5397.800us,5V
5397.801us,0V
5414.333us,0V
5414.334us,5V
5416.333us,5V
5416.334us,0V
5432.750us,0V
5432.751us,5V
5434.750us,5V
5434.751us,0V
5451.050us,0V
5451.051us,5V
5453.050us,5V
5453.051us,0V
5469.233us,0V
5469.234us,5V
5471.233us,5V
5471.234us,0V
5487.300us,0V
5487.301us,5V
5489.300us,5V
5489.301us,0V
5505.250us,0V
5505.251us,5V
5507.250us,5V
5507.251us,0V
5523.083us,0V
5523.084us,5V
5525.083us,5V
5525.084us,0V
5540.800us,0V
5540.801us,5V
5542.800us,5V
5542.801us,0V
5558.400us,0V
5558.401us,5V
5560.400us,5V
5560.401us,0V
5575.883us,0V
5575.884us,5V
5577.883us,5V
5577.884us,0V
5593.250us,0V
5593.251us,5V
5595.250us,5V
5595.251us,0V
5610.500us,0V
5610.501us,5V
5612.500us,5V
5612.501us,0V
5627.633us,0V
5627.634us,5V
5629.633us,5V
5629.634us,0V
5644.650us,0V
5644.651us,5V
5646.650us,5V
5646.651us,0V
5661.550us,0V
5661.551us,5V
5663.550us,5V
5663.551us,0V
5678.333us,0V
5678.334us,5V
5680.333us,5V
5680.334us,0V
5695.000us,0V
5695.001us,5V
5697.000us,5V
5697.001us,0V
5711.550us,0V
5711.551us,5V
5713.550us,5V
5713.551us,0V
5727.983us,0V
5727.984us,5V
5729.983us,5V
5729.984us,0V
5744.300us,0V
5744.301us,5V
5746.300us,5V
5746.301us,0V
5760.500us,0V
5760.501us,5V
5762.500us,5V
5762.501us,0V
5776.583us,0V
5776.584us,5V
5778.583us,5V
5778.584us,0V
5792.550us,0V
5792.551us,5V
5794.550us,5V
5794.551us,0V
5808.400us,0V
5808.401us,5V
5810.400us,5V
5810.401us,0V
5824.133us,0V
5824.134us,5V
5826.133us,5V
5826.134us,0V
5839.750us,0V
5839.751us,5V
5841.750us,5V
5841.751us,0V
5855.250us,0V
5855.251us,5V
5857.250us,5V
5857.251us,0V
5870.633us,0V
5870.634us,5V
5872.633us,5V
5872.634us,0V
5885.900us,0V
5885.901us,5V
5887.900us,5V
5887.901us,0V
5901.050us,0V
5901.051us,5V
5903.050us,5V
5903.051us,0V
5916.083us,0V
5916.084us,5V
5918.083us,5V
5918.084us,0V
5931.000us,0V
5931.001us,5V
5933.000us,5V
5933.001us,0V
5945.800us,0V
5945.801us,5V
5947.800us,5V
5947.801us,0V
5960.483us,0V
5960.484us,5V
5962.483us,5V
5962.484us,0V
5975.050us,0V
5975.051us,5V
5977.050us,5V
5977.051us,0V
5989.500us,0V
5989.501us,5V
5991.500us,5V
5991.501us,0V
6003.833us,0V
6003.834us,5V
6005.833us,5V
6005.834us,0V
6018.050us,0V
6018.051us,5V
6020.050us,5V
6020.051us,0V
6032.150us,0V
6032.151us,5V
6034.150us,5V
6034.151us,0V
6046.133us,0V
6046.134us,5V
6048.133us,5V
6048.134us,0V
6060.000us,0V
6060.001us,5V
6062.000us,5V
6062.001us,0V
6073.750us,0V
6073.751us,5V
6075.750us,5V
6075.751us,0V
6087.383us,0V
6087.384us,5V
6089.383us,5V
6089.384us,0V
6100.900us,0V
6100.901us,5V
6102.900us,5V
6102.901us,0V
6114.300us,0V
6114.301us,5V
6116.300us,5V
6116.301us,0V
6127.583us,0V
6127.584us,5V
6129.583us,5V
6129.584us,0V
6140.750us,0V
6140.751us,5V
6142.750us,5V
6142.751us,0V
6153.800us,0V
6153.801us,5V
6155.800us,5V
6155.801us,0V
6166.733us,0V
6166.734us,5V
6168.733us,5V
6168.734us,0V
6179.550us,0V
6179.551us,5V
6181.550us,5V
6181.551us,0V
6192.250us,0V
6192.251us,5V
6194.250us,5V
6194.251us,0V
6204.833us,0V
6204.834us,5V
6206.833us,5V
6206.834us,0V
6217.300us,0V
6217.301us,5V
6219.300us,5V
6219.301us,0V
6229.650us,0V
6229.651us,5V
6231.650us,5V
6231.651us,0V
6241.883us,0V
6241.884us,5V
6243.883us,5V
6243.884us,0V
6254.000us,0V
6254.001us,5V
6256.000us,5V
6256.001us,0V
6266.000us,0V
6266.001us,5V
6268.000us,5V
6268.001us,0V
6277.883us,0V
6277.884us,5V
6279.883us,5V
6279.884us,0V
6289.650us,0V
6289.651us,5V
6291.650us,5V
6291.651us,0V
6301.300us,0V
6301.301us,5V
6303.300us,5V
6303.301us,0V
6312.833us,0V
6312.834us,5V
6314.833us,5V
6314.834us,0V
6324.250us,0V
6324.251us,5V
6326.250us,5V
6326.251us,0V
6335.550us,0V
6335.551us,5V
6337.550us,5V
6337.551us,0V
6346.733us,0V
6346.734us,5V
6348.733us,5V
6348.734us,0V
6357.800us,0V
6357.801us,5V
6359.800us,5V
6359.801us,0V
6368.750us,0V
6368.751us,5V
6370.750us,5V
6370.751us,0V
6379.583us,0V
6379.584us,5V
6381.583us,5V
6381.584us,0V
6390.300us,0V
6390.301us,5V
6392.300us,5V
6392.301us,0V
6400.900us,0V
6400.901us,5V
6402.900us,5V
6402.901us,0V
6411.383us,0V
6411.384us,5V
6413.383us,5V
6413.384us,0V
6421.750us,0V
6421.751us,5V
6423.750us,5V
6423.751us,0V
6432.000us,0V
6432.001us,5V
6434.000us,5V
6434.001us,0V
6442.133us,0V
6442.134us,5V
6444.133us,5V
6444.134us,0V
6452.150us,0V
6452.151us,5V
6454.150us,5V
6454.151us,0V
6462.050us,0V
6462.051us,5V
6464.050us,5V
6464.051us,0V
6471.833us,0V
6471.834us,5V
6473.833us,5V
6473.834us,0V
6481.500us,0V
6481.501us,5V
6483.500us,5V
6483.501us,0V
6491.050us,0V
6491.051us,5V
6493.050us,5V
6493.051us,0V
6500.483us,0V
6500.484us,5V
6502.483us,5V
6502.484us,0V
6509.800us,0V
6509.801us,5V
6511.800us,5V
6511.801us,0V
6519.000us,0V
6519.001us,5V
6521.000us,5V
6521.001us,0V
6528.083us,0V
6528.084us,5V
6530.083us,5V
6530.084us,0V
6537.050us,0V
6537.051us,5V
6539.050us,5V
6539.051us,0V
6545.900us,0V
6545.901us,5V
6547.900us,5V
6547.901us,0V
6554.633us,0V
6554.634us,5V
6556.633us,5V
6556.634us,0V
6563.250us,0V
6563.251us,5V
6565.250us,5V
6565.251us,0V
6571.750us,0V
6571.751us,5V
6573.750us,5V
6573.751us,0V
6580.133us,0V
6580.134us,5V
6582.133us,5V
6582.134us,0V
6588.400us,0V
6588.401us,5V
6590.400us,5V
6590.401us,0V
6596.550us,0V
6596.551us,5V
6598.550us,5V
6598.551us,0V
6604.583us,0V
6604.584us,5V
6606.583us,5V
6606.584us,0V
6612.500us,0V
6612.501us,5V
6614.500us,5V
6614.501us,0V
6620.300us,0V
6620.301us,5V
6622.300us,5V
6622.301us,0V
6627.983us,0V
6627.984us,5V
6629.983us,5V
6629.984us,0V
6635.550us,0V
6635.551us,5V
6637.550us,5V
6637.551us,0V
6643.000us,0V
6643.001us,5V
6645.000us,5V
6645.001us,0V
6650.333us,0V
6650.334us,5V
6652.333us,5V
6652.334us,0V
6657.550us,0V
6657.551us,5V
6659.550us,5V
6659.551us,0V
6664.650us,0V
6664.651us,5V
6666.650us,5V
6666.651us,0V
6671.633us,0V
6671.634us,5V
6673.633us,5V
6673.634us,0V
6678.500us,0V
6678.501us,5V
6680.500us,5V
6680.501us,0V
6685.250us,0V
6685.251us,5V
6687.250us,5V
6687.251us,0V
6691.883us,0V
6691.884us,5V
6693.883us,5V
6693.884us,0V
6698.400us,0V
6698.401us,5V
6700.400us,5V
6700.401us,0V
6704.800us,0V
6704.801us,5V
6706.800us,5V
6706.801us,0V
6711.083us,0V
6711.084us,5V
6713.083us,5V
6713.084us,0V
6717.250us,0V
6717.251us,5V
6719.250us,5V
6719.251us,0V
6723.300us,0V
6723.301us,5V
6725.300us,5V
6725.301us,0V
6729.233us,0V
6729.234us,5V
6731.233us,5V
6731.234us,0V
6735.050us,0V
6735.051us,5V
6737.050us,5V
6737.051us,0V
6740.750us,0V
6740.751us,5V
6742.750us,5V
6742.751us,0V
6746.333us,0V
6746.334us,5V
6748.333us,5V
6748.334us,0V
6751.800us,0V
6751.801us,5V
6753.800us,5V
6753.801us,0V
6757.150us,0V
6757.151us,5V
6759.150us,5V
6759.151us,0V
6762.383us,0V
6762.384us,5V
6764.383us,5V
6764.384us,0V
6767.500us,0V
6767.501us,5V
6769.500us,5V
6769.501us,0V
6772.500us,0V
6772.501us,5V
6774.500us,5V
6774.501us,0V
6777.500us,0V
6777.501us,5V
6779.500us,5V
6779.501us,0V
6782.500us,0V
6782.501us,5V
6784.500us,5V
6784.501us,0V
6787.500us,0V
6787.501us,5V
6789.500us,5V
6789.501us,0V
6792.500us,0V
6792.501us,5V
6794.500us,5V
6794.501us,0V
6797.500us,0V
6797.501us,5V
6799.500us,5V
6799.501us,0V
6802.500us,0V
6802.501us,5V
6804.500us,5V
6804.501us,0V
6807.500us,0V
6807.501us,5V
6809.500us,5V
6809.501us,0V
6812.500us,0V
6812.501us,5V
6814.500us,5V
6814.501us,0V
6817.500us,0V
6817.501us,5V
6819.500us,5V
6819.501us,0V
6822.500us,0V
6822.501us,5V
6824.500us,5V
6824.501us,0V
6827.500us,0V
6827.501us,5V
6829.500us,5V
6829.501us,0V
6832.500us,0V
6832.501us,5V
6834.500us,5V
6834.501us,0V
6837.500us,0V
6837.501us,5V
6839.500us,5V
6839.501us,0V
6842.500us,0V
6842.501us,5V
6844.500us,5V
6844.501us,0V
6847.500us,0V
6847.501us,5V
6849.500us,5V
6849.501us,0V
6852.500us,0V
6852.501us,5V
6854.500us,5V
6854.501us,0V
6857.500us,0V
6857.501us,5V
6859.500us,5V
6859.501us,0V
6862.500us,0V
6862.501us,5V
6864.500us,5V
6864.501us,0V
6867.500us,0V
6867.501us,5V
6869.500us,5V
6869.501us,0V
6872.500us,0V
6872.501us,5V
6874.500us,5V
6874.501us,0V
6877.500us,0V
6877.501us,5V
6879.500us,5V
6879.501us,0V
6882.500us,0V
6882.501us,5V
6884.500us,5V
6884.501us,0V
6887.500us,0V
6887.501us,5V
6889.500us,5V
6889.501us,0V
6892.500us,0V
6892.501us,5V
6894.500us,5V
6894.501us,0V
6897.500us,0V
6897.501us,5V
6899.500us,5V
6899.501us,0V
6902.500us,0V
6902.501us,5V
6904.500us,5V
6904.501us,0V
6907.500us,0V
6907.501us,5V
6909.500us,5V
6909.501us,0V
6912.500us,0V
6912.501us,5V
6914.500us,5V
6914.501us,0V
6917.500us,0V
6917.501us,5V
6919.500us,5V
6919.501us,0V
6922.500us,0V
6922.501us,5V
6924.500us,5V
6924.501us,0V
6927.500us,0V
6927.501us,5V
6929.500us,5V
6929.501us,0V
6932.500us,0V
6932.501us,5V
6934.500us,5V
6934.501us,0V
6937.500us,0V
6937.501us,5V
6939.500us,5V
6939.501us,0V
6942.500us,0V
6942.501us,5V
6944.500us,5V
6944.501us,0V
6947.500us,0V
6947.501us,5V
6949.500us,5V
6949.501us,0V
6952.500us,0V
6952.501us,5V
6954.500us,5V
6954.501us,0V
6957.500us,0V
6957.501us,5V
6959.500us,5V
6959.501us,0V
6962.500us,0V
6962.501us,5V
6964.500us,5V
6964.501us,0V
6967.500us,0V
6967.501us,5V
6969.500us,5V
6969.501us,0V
6972.500us,0V
6972.501us,5V
6974.500us,5V
6974.501us,0V
6977.500us,0V
6977.501us,5V
6979.500us,5V
6979.501us,0V
6982.500us,0V
6982.501us,5V
6984.500us,5V
6984.501us,0V
6987.500us,0V
6987.501us,5V
6989.500us,5V
6989.501us,0V
6992.500us,0V
6992.501us,5V
6994.500us,5V
6994.501us,0V
6997.500us,0V
6997.501us,5V
6999.500us,5V
6999.501us,0V
7002.500us,0V
7002.501us,5V
7004.500us,5V
7004.501us,0V
7007.500us,0V
7007.501us,5V
7009.500us,5V
7009.501us,0V
7012.500us,0V
7012.501us,5V
7014.500us,5V
7014.501us,0V
7017.500us,0V
7017.501us,5V
7019.500us,5V
7019.501us,0V
7022.500us,0V
7022.501us,5V
7024.500us,5V
7024.501us,0V
7027.500us,0V
7027.501us,5V
7029.500us,5V
7029.501us,0V
7032.500us,0V
7032.501us,5V
7034.500us,5V
7034.501us,0V
7037.500us,0V
7037.501us,5V
7039.500us,5V
7039.501us,0V
7042.500us,0V
7042.501us,5V
7044.500us,5V
7044.501us,0V
7047.500us,0V
7047.501us,5V
7049.500us,5V
7049.501us,0V
7052.500us,0V
7052.501us,5V
7054.500us,5V
7054.501us,0V
7057.500us,0V
7057.501us,5V
7059.500us,5V
7059.501us,0V
7062.500us,0V
7062.501us,5V
7064.500us,5V
7064.501us,0V
7067.500us,0V
7067.501us,5V
7069.500us,5V
7069.501us,0V
7072.500us,0V
7072.501us,5V
7074.500us,5V
7074.501us,0V
7077.500us,0V
7077.501us,5V
7079.500us,5V
7079.501us,0V
7082.500us,0V
7082.501us,5V
7084.500us,5V
7084.501us,0V
7087.500us,0V
7087.501us,5V
7089.500us,5V
7089.501us,0V
7092.500us,0V
7092.501us,5V
7094.500us,5V
7094.501us,0V
7097.500us,0V
7097.501us,5V
7099.500us,5V
7099.501us,0V
7102.500us,0V
7102.501us,5V
7104.500us,5V
7104.501us,0V
7107.500us,0V
7107.501us,5V
7109.500us,5V
7109.501us,0V
7112.500us,0V
7112.501us,5V
7114.500us,5V
7114.501us,0V
7117.500us,0V
7117.501us,5V
7119.500us,5V
7119.501us,0V
7122.500us,0V
7122.501us,5V
7124.500us,5V
7124.501us,0V
7127.500us,0V
7127.501us,5V
7129.500us,5V
7129.501us,0V
7132.500us,0V
7132.501us,5V
7134.500us,5V
7134.501us,0V
7137.500us,0V
7137.501us,5V
7139.500us,5V
7139.501us,0V
7142.500us,0V
7142.501us,5V
7144.500us,5V
7144.501us,0V
7147.500us,0V
7147.501us,5V
7149.500us,5V
7149.501us,0V
7152.500us,0V
7152.501us,5V
7154.500us,5V
7154.501us,0V
7157.500us,0V
7157.501us,5V
7159.500us,5V
7159.501us,0V
7162.500us,0V
7162.501us,5V
7164.500us,5V
7164.501us,0V
7167.500us,0V
7167.501us,5V
7169.500us,5V
7169.501us,0V
7172.500us,0V
7172.501us,5V
7174.500us,5V
7174.501us,0V
7177.500us,0V
7177.501us,5V
7179.500us,5V
7179.501us,0V
7182.500us,0V
7182.501us,5V
7184.500us,5V
7184.501us,0V
7187.500us,0V
7187.501us,5V
7189.500us,5V
7189.501us,0V
7192.500us,0V
7192.501us,5V
7194.500us,5V
7194.501us,0V
7197.500us,0V
7197.501us,5V
7199.500us,5V
7199.501us,0V
7202.500us,0V
7202.501us,5V
7204.500us,5V
7204.501us,0V
7207.500us,0V
7207.501us,5V
7209.500us,5V
7209.501us,0V
7212.500us,0V
7212.501us,5V
7214.500us,5V
7214.501us,0V
7217.500us,0V
7217.501us,5V
7219.500us,5V
7219.501us,0V
7222.500us,0V
7222.501us,5V
7224.500us,5V
7224.501us,0V
7227.500us,0V
7227.501us,5V
7229.500us,5V
7229.501us,0V
7232.500us,0V
7232.501us,5V
7234.500us,5V
7234.501us,0V
7237.500us,0V
7237.501us,5V
7239.500us,5V
7239.501us,0V
7242.500us,0V
7242.501us,5V
7244.500us,5V
7244.501us,0V
7247.500us,0V
7247.501us,5V
7249.500us,5V
7249.501us,0V
7252.500us,0V
7252.501us,5V
7254.500us,5V
7254.501us,0V
7257.500us,0V
7257.501us,5V
7259.500us,5V
7259.501us,0V
7262.500us,0V
7262.501us,5V
7264.500us,5V
7264.501us,0V
7267.500us,0V
7267.501us,5V
7269.500us,5V
7269.501us,0V
7272.500us,0V
7272.501us,5V
7274.500us,5V
7274.501us,0V
7277.500us,0V
7277.501us,5V
7279.500us,5V
7279.501us,0V
7282.500us,0V
7282.501us,5V
7284.500us,5V
7284.501us,0V
7287.500us,0V
7287.501us,5V
7289.500us,5V
7289.501us,0V
7292.500us,0V
7292.501us,5V
7294.500us,5V
7294.501us,0V
7297.500us,0V
7297.501us,5V
7299.500us,5V
7299.501us,0V
7302.500us,0V
7302.501us,5V
7304.500us,5V
7304.501us,0V
7307.500us,0V
7307.501us,5V
7309.500us,5V
7309.501us,0V
7312.500us,0V
7312.501us,5V
7314.500us,5V
7314.501us,0V
7317.500us,0V
7317.501us,5V
7319.500us,5V
7319.501us,0V
7322.500us,0V
7322.501us,5V
7324.500us,5V
7324.501us,0V
7327.500us,0V
7327.501us,5V
7329.500us,5V
7329.501us,0V
7332.500us,0V
7332.501us,5V
7334.500us,5V
7334.501us,0V
7337.500us,0V
7337.501us,5V
7339.500us,5V
7339.501us,0V
7342.500us,0V
7342.501us,5V
7344.500us,5V
7344.501us,0V
7347.500us,0V
7347.501us,5V
7349.500us,5V
7349.501us,0V
7352.500us,0V
7352.501us,5V
7354.500us,5V
7354.501us,0V
7357.500us,0V
7357.501us,5V
7359.500us,5V
7359.501us,0V
7362.500us,0V
7362.501us,5V
7364.500us,5V
7364.501us,0V
7367.500us,0V
7367.501us,5V
7369.500us,5V
7369.501us,0V
7372.500us,0V
7372.501us,5V
7374.500us,5V
7374.501us,0V
7377.500us,0V
7377.501us,5V
7379.500us,5V
7379.501us,0V
7382.500us,0V
7382.501us,5V
7384.500us,5V
7384.501us,0V
7387.500us,0V
7387.501us,5V
7389.500us,5V
7389.501us,0V
7392.500us,0V
7392.501us,5V
7394.500us,5V
7394.501us,0V
7397.500us,0V
7397.501us,5V
7399.500us,5V
7399.501us,0V
7402.500us,0V
7402.501us,5V
7404.500us,5V
7404.501us,0V
7407.500us,0V
7407.501us,5V
7409.500us,5V
7409.501us,0V
7412.500us,0V
7412.501us,5V
7414.500us,5V
7414.501us,0V
7417.500us,0V
7417.501us,5V
7419.500us,5V
7419.501us,0V
7422.500us,0V
7422.501us,5V
7424.500us,5V
7424.501us,0V
7427.500us,0V
7427.501us,5V
7429.500us,5V
7429.501us,0V
7432.500us,0V
7432.501us,5V
7434.500us,5V
7434.501us,0V
7437.500us,0V
7437.501us,5V
7439.500us,5V
7439.501us,0V
7442.500us,0V
7442.501us,5V
7444.500us,5V
7444.501us,0V
7447.500us,0V
7447.501us,5V
7449.500us,5V
7449.501us,0V
7452.500us,0V
7452.501us,5V
7454.500us,5V
7454.501us,0V
7457.500us,0V
7457.501us,5V
7459.500us,5V
7459.501us,0V
7462.500us,0V
7462.501us,5V
7464.500us,5V
7464.501us,0V
7467.500us,0V
7467.501us,5V
7469.500us,5V
7469.501us,0V
7472.500us,0V
7472.501us,5V
7474.500us,5V
7474.501us,0V
7477.500us,0V
7477.501us,5V
7479.500us,5V
7479.501us,0V
7482.500us,0V
7482.501us,5V
7484.500us,5V
7484.501us,0V
7487.500us,0V
7487.501us,5V
7489.500us,5V
7489.501us,0V
7492.500us,0V
7492.501us,5V
7494.500us,5V
7494.501us,0V
7497.500us,0V
7497.501us,5V
7499.500us,5V
7499.501us,0V
7502.500us,0V
7502.501us,5V
7504.500us,5V
7504.501us,0V
7507.500us,0V
7507.501us,5V
7509.500us,5V
7509.501us,0V
7512.500us,0V
7512.501us,5V
7514.500us,5V
7514.501us,0V
7517.500us,0V
7517.501us,5V
7519.500us,5V
7519.501us,0V
7522.500us,0V
7522.501us,5V
7524.500us,5V
7524.501us,0V
7527.500us,0V
7527.501us,5V
7529.500us,5V
7529.501us,0V
7532.500us,0V
7532.501us,5V
7534.500us,5V
7534.501us,0V
7537.500us,0V
7537.501us,5V
7539.500us,5V
7539.501us,0V
7542.500us,0V
7542.501us,5V
7544.500us,5V
7544.501us,0V
7547.500us,0V
7547.501us,5V
7549.500us,5V
7549.501us,0V
7552.500us,0V
7552.501us,5V
7554.500us,5V
7554.501us,0V
7557.500us,0V
7557.501us,5V
7559.500us,5V
7559.501us,0V
7562.500us,0V
7562.501us,5V
7564.500us,5V
7564.501us,0V
7567.500us,0V
7567.501us,5V
7569.500us,5V
7569.501us,0V
7572.500us,0V
7572.501us,5V
7574.500us,5V
7574.501us,0V
7577.500us,0V
7577.501us,5V
7579.500us,5V
7579.501us,0V
7582.500us,0V
7582.501us,5V
7584.500us,5V
7584.501us,0V
7587.500us,0V
7587.501us,5V
7589.500us,5V
7589.501us,0V
7592.500us,0V
7592.501us,5V
7594.500us,5V
7594.501us,0V
7597.500us,0V
7597.501us,5V
7599.500us,5V
7599.501us,0V
7602.500us,0V
7602.501us,5V
7604.500us,5V
7604.501us,0V
7607.500us,0V
7607.501us,5V
7609.500us,5V
7609.501us,0V
7612.500us,0V
7612.501us,5V
7614.500us,5V
7614.501us,0V
7617.500us,0V
7617.501us,5V
7619.500us,5V
7619.501us,0V
7622.500us,0V
7622.501us,5V
7624.500us,5V
7624.501us,0V
7627.500us,0V
7627.501us,5V
7629.500us,5V
7629.501us,0V
7632.500us,0V
7632.501us,5V
7634.500us,5V
7634.501us,0V
7637.500us,0V
7637.501us,5V
7639.500us,5V
7639.501us,0V
7642.500us,0V
7642.501us,5V
7644.500us,5V
7644.501us,0V
7647.500us,0V
7647.501us,5V
7649.500us,5V
7649.501us,0V
7652.500us,0V
7652.501us,5V
7654.500us,5V
7654.501us,0V
7657.500us,0V
7657.501us,5V
7659.500us,5V
7659.501us,0V
7662.500us,0V
7662.501us,5V
7664.500us,5V
7664.501us,0V
7667.500us,0V
7667.501us,5V
7669.500us,5V
7669.501us,0V
7672.500us,0V
7672.501us,5V
7674.500us,5V
7674.501us,0V
7677.500us,0V
7677.501us,5V
7679.500us,5V
7679.501us,0V
7682.500us,0V
7682.501us,5V
7684.500us,5V
7684.501us,0V
7687.500us,0V
7687.501us,5V
7689.500us,5V
7689.501us,0V
7692.500us,0V
7692.501us,5V
7694.500us,5V
7694.501us,0V
7697.500us,0V
7697.501us,5V
7699.500us,5V
7699.501us,0V
7702.500us,0V
7702.501us,5V
7704.500us,5V
7704.501us,0V
7707.500us,0V
7707.501us,5V
7709.500us,5V
7709.501us,0V
7712.500us,0V
7712.501us,5V
7714.500us,5V
7714.501us,0V
7717.500us,0V
7717.501us,5V
7719.500us,5V
7719.501us,0V
7722.500us,0V
7722.501us,5V
7724.500us,5V
7724.501us,0V
7727.500us,0V
7727.501us,5V
7729.500us,5V
7729.501us,0V
7732.500us,0V
7732.501us,5V
7734.500us,5V
7734.501us,0V
7737.500us,0V
7737.501us,5V
7739.500us,5V
7739.501us,0V
7742.500us,0V
7742.501us,5V
7744.500us,5V
7744.501us,0V
7747.500us,0V
7747.501us,5V
7749.500us,5V
7749.501us,0V
7752.500us,0V
7752.501us,5V
7754.500us,5V
7754.501us,0V
7757.500us,0V
7757.501us,5V
7759.500us,5V
7759.501us,0V
7762.500us,0V
7762.501us,5V
7764.500us,5V
7764.501us,0V
7767.500us,0V
7767.501us,5V
7769.500us,5V
7769.501us,0V
7772.500us,0V
7772.501us,5V
7774.500us,5V
7774.501us,0V
7777.500us,0V
7777.501us,5V
7779.500us,5V
7779.501us,0V
7782.500us,0V
7782.501us,5V
7784.500us,5V
7784.501us,0V
7787.500us,0V
7787.501us,5V
7789.500us,5V
7789.501us,0V
7792.500us,0V
7792.501us,5V
7794.500us,5V
7794.501us,0V
7797.500us,0V
7797.501us,5V
7799.500us,5V
7799.501us,0V
7802.500us,0V
7802.501us,5V
7804.500us,5V
7804.501us,0V
7807.500us,0V
7807.501us,5V
7809.500us,5V
7809.501us,0V
7812.500us,0V
7812.501us,5V
7814.500us,5V
7814.501us,0V
7817.500us,0V
7817.501us,5V
7819.500us,5V
7819.501us,0V
7822.500us,0V
7822.501us,5V
7824.500us,5V
7824.501us,0V
7827.500us,0V
7827.501us,5V
7829.500us,5V
7829.501us,0V
7832.500us,0V
7832.501us,5V
7834.500us,5V
7834.501us,0V
7837.500us,0V
7837.501us,5V
7839.500us,5V
7839.501us,0V
7842.500us,0V
7842.501us,5V
7844.500us,5V
7844.501us,0V
7847.500us,0V
7847.501us,5V
7849.500us,5V
7849.501us,0V
7852.500us,0V
7852.501us,5V
7854.500us,5V
7854.501us,0V
7857.500us,0V
7857.501us,5V
7859.500us,5V
7859.501us,0V
7862.500us,0V
7862.501us,5V
7864.500us,5V
7864.501us,0V
7867.500us,0V
7867.501us,5V
7869.500us,5V
7869.501us,0V
7872.500us,0V
7872.501us,5V
7874.500us,5V
7874.501us,0V
7877.500us,0V
7877.501us,5V
7879.500us,5V
7879.501us,0V
7882.500us,0V
7882.501us,5V
7884.500us,5V
7884.501us,0V
7887.500us,0V
7887.501us,5V
7889.500us,5V
7889.501us,0V
7892.500us,0V
7892.501us,5V
7894.500us,5V
7894.501us,0V
7897.500us,0V
7897.501us,5V
7899.500us,5V
7899.501us,0V
7902.500us,0V
7902.501us,5V
7904.500us,5V
7904.501us,0V
7907.500us,0V
7907.501us,5V
7909.500us,5V
7909.501us,0V
7912.500us,0V
7912.501us,5V
7914.500us,5V
7914.501us,0V
7917.500us,0V
7917.501us,5V
7919.500us,5V
7919.501us,0V
7922.500us,0V
7922.501us,5V
7924.500us,5V
7924.501us,0V
7927.500us,0V
7927.501us,5V
7929.500us,5V
7929.501us,0V
7932.500us,0V
7932.501us,5V
7934.500us,5V
7934.501us,0V
7937.500us,0V
7937.501us,5V
7939.500us,5V
7939.501us,0V
7942.500us,0V
7942.501us,5V
7944.500us,5V
7944.501us,0V
7947.500us,0V
7947.501us,5V
7949.500us,5V
7949.501us,0V
7952.500us,0V
7952.501us,5V
7954.500us,5V
7954.501us,0V
7957.500us,0V
7957.501us,5V
7959.500us,5V
7959.501us,0V
7962.500us,0V
7962.501us,5V
7964.500us,5V
7964.501us,0V
7967.500us,0V
7967.501us,5V
7969.500us,5V
7969.501us,0V
7972.500us,0V
7972.501us,5V
7974.500us,5V
7974.501us,0V
7977.500us,0V
7977.501us,5V
7979.500us,5V
7979.501us,0V
7982.500us,0V
7982.501us,5V
7984.500us,5V
7984.501us,0V
7987.500us,0V
7987.501us,5V
7989.500us,5V
7989.501us,0V
7992.500us,0V
7992.501us,5V
7994.500us,5V
7994.501us,0V
7997.500us,0V
7997.501us,5V
7999.500us,5V
7999.501us,0V
8002.500us,0V
8002.501us,5V
8004.500us,5V
8004.501us,0V
8007.500us,0V
8007.501us,5V
8009.500us,5V
8009.501us,0V
8012.500us,0V
8012.501us,5V
8014.500us,5V
8014.501us,0V
8017.500us,0V
8017.501us,5V
8019.500us,5V
8019.501us,0V
8022.500us,0V
8022.501us,5V
8024.500us,5V
8024.501us,0V
8027.500us,0V
8027.501us,5V
8029.500us,5V
8029.501us,0V
8032.500us,0V
8032.501us,5V
8034.500us,5V
8034.501us,0V
8037.500us,0V
8037.501us,5V
8039.500us,5V
8039.501us,0V
8042.500us,0V
8042.501us,5V
8044.500us,5V
8044.501us,0V
8047.500us,0V
8047.501us,5V
8049.500us,5V
8049.501us,0V
8052.500us,0V
8052.501us,5V
8054.500us,5V
8054.501us,0V
8057.500us,0V
8057.501us,5V
8059.500us,5V
8059.501us,0V
8062.500us,0V
8062.501us,5V
8064.500us,5V
8064.501us,0V
8067.500us,0V
8067.501us,5V
8069.500us,5V
8069.501us,0V
8072.500us,0V
8072.501us,5V
8074.500us,5V
8074.501us,0V
8077.500us,0V
8077.501us,5V
8079.500us,5V
8079.501us,0V
8082.500us,0V
8082.501us,5V
8084.500us,5V
8084.501us,0V
8087.500us,0V
8087.501us,5V
8089.500us,5V
8089.501us,0V
8092.500us,0V
8092.501us,5V
8094.500us,5V
8094.501us,0V
8097.500us,0V
8097.501us,5V
8099.500us,5V
8099.501us,0V
8102.500us,0V
8102.501us,5V
8104.500us,5V
8104.501us,0V
8107.500us,0V
8107.501us,5V
8109.500us,5V
8109.501us,0V
8112.500us,0V
8112.501us,5V
8114.500us,5V
8114.501us,0V
8117.500us,0V
8117.501us,5V
8119.500us,5V
8119.501us,0V
8122.500us,0V
8122.501us,5V
8124.500us,5V
8124.501us,0V
8127.500us,0V
8127.501us,5V
8129.500us,5V
8129.501us,0V
8132.500us,0V
8132.501us,5V
8134.500us,5V
8134.501us,0V
8137.500us,0V
8137.501us,5V
8139.500us,5V
8139.501us,0V
8142.500us,0V
8142.501us,5V
8144.500us,5V
8144.501us,0V
8147.500us,0V
8147.501us,5V
8149.500us,5V
8149.501us,0V
8152.500us,0V
8152.501us,5V
8154.500us,5V
8154.501us,0V
8157.500us,0V
8157.501us,5V
8159.500us,5V
8159.501us,0V
8162.500us,0V
8162.501us,5V
8164.500us,5V
8164.501us,0V
8167.500us,0V
8167.501us,5V
8169.500us,5V
8169.501us,0V
8172.500us,0V
8172.501us,5V
8174.500us,5V
8174.501us,0V
8177.500us,0V
8177.501us,5V
8179.500us,5V
8179.501us,0V
8182.500us,0V
8182.501us,5V
8184.500us,5V
8184.501us,0V
8187.500us,0V
8187.501us,5V
8189.500us,5V
8189.501us,0V
8192.500us,0V
8192.501us,5V
8194.500us,5V
8194.501us,0V
8197.500us,0V
8197.501us,5V
8199.500us,5V
8199.501us,0V
8202.500us,0V
8202.501us,5V
8204.500us,5V
8204.501us,0V
8207.500us,0V
8207.501us,5V
8209.500us,5V
8209.501us,0V
8212.500us,0V
8212.501us,5V
8214.500us,5V
8214.501us,0V
8217.500us,0V
8217.501us,5V
8219.500us,5V
8219.501us,0V
8222.500us,0V
8222.501us,5V
8224.500us,5V
8224.501us,0V
8227.500us,0V
8227.501us,5V
8229.500us,5V
8229.501us,0V
8232.500us,0V
8232.501us,5V
8234.500us,5V
8234.501us,0V
8237.500us,0V
8237.501us,5V
8239.500us,5V
8239.501us,0V
8242.500us,0V
8242.501us,5V
8244.500us,5V
8244.501us,0V
8247.500us,0V
8247.501us,5V
8249.500us,5V
8249.501us,0V
8252.500us,0V
8252.501us,5V
8254.500us,5V
8254.501us,0V
8257.500us,0V
8257.501us,5V
8259.500us,5V
8259.501us,0V
8262.500us,0V
8262.501us,5V
8264.500us,5V
8264.501us,0V
8267.500us,0V
8267.501us,5V
8269.500us,5V
8269.501us,0V
8272.500us,0V
8272.501us,5V
8274.500us,5V
8274.501us,0V
8277.500us,0V
8277.501us,5V
8279.500us,5V
8279.501us,0V
8282.500us,0V
8282.501us,5V
8284.500us,5V
8284.501us,0V
8287.500us,0V
8287.501us,5V
8289.500us,5V
8289.501us,0V
8292.500us,0V
8292.501us,5V
8294.500us,5V
8294.501us,0V
8297.500us,0V
8297.501us,5V
8299.500us,5V
8299.501us,0V
8302.500us,0V
8302.501us,5V
8304.500us,5V
8304.501us,0V
8307.500us,0V
8307.501us,5V
8309.500us,5V
8309.501us,0V
8312.500us,0V
8312.501us,5V
8314.500us,5V
8314.501us,0V
8317.500us,0V
8317.501us,5V
8319.500us,5V
8319.501us,0V
8322.500us,0V
8322.501us,5V
8324.500us,5V
8324.501us,0V
8327.500us,0V
8327.501us,5V
8329.500us,5V
8329.501us,0V
8332.500us,0V
8332.501us,5V
8334.500us,5V
8334.501us,0V
8337.500us,0V
8337.501us,5V
8339.500us,5V
8339.501us,0V
8342.500us,0V
8342.501us,5V
8344.500us,5V
8344.501us,0V
8347.500us,0V
8347.501us,5V
8349.500us,5V
8349.501us,0V
8352.500us,0V
8352.501us,5V
8354.500us,5V
8354.501us,0V
8357.500us,0V
8357.501us,5V
8359.500us,5V
8359.501us,0V
8362.500us,0V
8362.501us,5V
8364.500us,5V
8364.501us,0V
8367.500us,0V
8367.501us,5V
8369.500us,5V
8369.501us,0V
8372.500us,0V
8372.501us,5V
8374.500us,5V
8374.501us,0V
8377.500us,0V
8377.501us,5V
8379.500us,5V
8379.501us,0V
8382.500us,0V
8382.501us,5V
8384.500us,5V
8384.501us,0V
8387.500us,0V
8387.501us,5V
8389.500us,5V
8389.501us,0V
8392.500us,0V
8392.501us,5V
8394.500us,5V
8394.501us,0V
8397.500us,0V
8397.501us,5V
8399.500us,5V
8399.501us,0V
8402.500us,0V
8402.501us,5V
8404.500us,5V
8404.501us,0V
8407.500us,0V
8407.501us,5V
8409.500us,5V
8409.501us,0V
8412.500us,0V
8412.501us,5V
8414.500us,5V
8414.501us,0V
8417.500us,0V
8417.501us,5V
8419.500us,5V
8419.501us,0V
8422.500us,0V
8422.501us,5V
8424.500us,5V
8424.501us,0V
8427.500us,0V
8427.501us,5V
8429.500us,5V
8429.501us,0V
8432.500us,0V
8432.501us,5V
8434.500us,5V
8434.501us,0V
8437.500us,0V
8437.501us,5V
8439.500us,5V
8439.501us,0V
8442.500us,0V
8442.501us,5V
8444.500us,5V
8444.501us,0V
8447.500us,0V
8447.501us,5V
8449.500us,5V
8449.501us,0V
8452.500us,0V
8452.501us,5V
8454.500us,5V
8454.501us,0V
8457.500us,0V
8457.501us,5V
8459.500us,5V
8459.501us,0V
8462.500us,0V
8462.501us,5V
8464.500us,5V
8464.501us,0V
8467.500us,0V
8467.501us,5V
8469.500us,5V
8469.501us,0V
8472.500us,0V
8472.501us,5V
8474.500us,5V
8474.501us,0V
8477.500us,0V
8477.501us,5V
8479.500us,5V
8479.501us,0V
8482.500us,0V
8482.501us,5V
8484.500us,5V
8484.501us,0V
8487.500us,0V
8487.501us,5V
8489.500us,5V
8489.501us,0V
8492.500us,0V
8492.501us,5V
8494.500us,5V
8494.501us,0V
8497.500us,0V
8497.501us,5V
8499.500us,5V
8499.501us,0V
8502.500us,0V
8502.501us,5V
8504.500us,5V
8504.501us,0V
8507.500us,0V
8507.501us,5V
8509.500us,5V
8509.501us,0V
8512.500us,0V
8512.501us,5V
8514.500us,5V
8514.501us,0V
8517.500us,0V
8517.501us,5V
8519.500us,5V
8519.501us,0V
8522.500us,0V
8522.501us,5V
8524.500us,5V
8524.501us,0V
8527.500us,0V
8527.501us,5V
8529.500us,5V
8529.501us,0V
8532.500us,0V
8532.501us,5V
8534.500us,5V
8534.501us,0V
8537.500us,0V
8537.501us,5V
8539.500us,5V
8539.501us,0V
8542.500us,0V
8542.501us,5V
8544.500us,5V
8544.501us,0V
8547.500us,0V
8547.501us,5V
8549.500us,5V
8549.501us,0V
8552.500us,0V
8552.501us,5V
8554.500us,5V
8554.501us,0V
8557.500us,0V
8557.501us,5V
8559.500us,5V
8559.501us,0V
8562.500us,0V
8562.501us,5V
8564.500us,5V
8564.501us,0V
8567.500us,0V
8567.501us,5V
8569.500us,5V
8569.501us,0V
8572.500us,0V
8572.501us,5V
8574.500us,5V
8574.501us,0V
8577.500us,0V
8577.501us,5V
8579.500us,5V
8579.501us,0V
8582.500us,0V
8582.501us,5V
8584.500us,5V
8584.501us,0V
8587.500us,0V
8587.501us,5V
8589.500us,5V
8589.501us,0V
8592.500us,0V
8592.501us,5V
8594.500us,5V
8594.501us,0V
8597.500us,0V
8597.501us,5V
8599.500us,5V
8599.501us,0V
8602.500us,0V
8602.501us,5V
8604.500us,5V
8604.501us,0V
8607.500us,0V
8607.501us,5V
8609.500us,5V
8609.501us,0V
8612.500us,0V
8612.501us,5V
8614.500us,5V
8614.501us,0V
8617.500us,0V
8617.501us,5V
8619.500us,5V
8619.501us,0V
8622.500us,0V
8622.501us,5V
8624.500us,5V
8624.501us,0V
8627.500us,0V
8627.501us,5V
8629.500us,5V
8629.501us,0V
8632.500us,0V
8632.501us,5V
8634.500us,5V
8634.501us,0V
8637.500us,0V
8637.501us,5V
8639.500us,5V
8639.501us,0V
8642.500us,0V
8642.501us,5V
8644.500us,5V
8644.501us,0V
8647.500us,0V
8647.501us,5V
8649.500us,5V
8649.501us,0V
8652.500us,0V
8652.501us,5V
8654.500us,5V
8654.501us,0V
8657.500us,0V
8657.501us,5V
8659.500us,5V
8659.501us,0V
8662.500us,0V
8662.501us,5V
8664.500us,5V
8664.501us,0V
8667.500us,0V
8667.501us,5V
8669.500us,5V
8669.501us,0V
8672.500us,0V
8672.501us,5V
8674.500us,5V
8674.501us,0V
8677.500us,0V
8677.501us,5V
8679.500us,5V
8679.501us,0V
8682.500us,0V
8682.501us,5V
8684.500us,5V
8684.501us,0V
8687.500us,0V
8687.501us,5V
8689.500us,5V
8689.501us,0V
8692.500us,0V
8692.501us,5V
8694.500us,5V
8694.501us,0V
8697.500us,0V
8697.501us,5V
8699.500us,5V
8699.501us,0V
8702.500us,0V
8702.501us,5V
8704.500us,5V
8704.501us,0V
8707.500us,0V
8707.501us,5V
8709.500us,5V
8709.501us,0V
8712.500us,0V
8712.501us,5V
8714.500us,5V
8714.501us,0V
8717.500us,0V
8717.501us,5V
8719.500us,5V
8719.501us,0V
8722.500us,0V
8722.501us,5V
8724.500us,5V
8724.501us,0V
8727.500us,0V
8727.501us,5V
8729.500us,5V
8729.501us,0V
8732.500us,0V
8732.501us,5V
8734.500us,5V
8734.501us,0V
8737.500us,0V
8737.501us,5V
8739.500us,5V
8739.501us,0V
8742.500us,0V
8742.501us,5V
8744.500us,5V
8744.501us,0V
8747.500us,0V
8747.501us,5V
8749.500us,5V
8749.501us,0V
8752.500us,0V
8752.501us,5V
8754.500us,5V
8754.501us,0V
8757.500us,0V
8757.501us,5V
8759.500us,5V
8759.501us,0V
8762.500us,0V
8762.501us,5V
8764.500us,5V
8764.501us,0V
8767.500us,0V
8767.501us,5V
8769.500us,5V
8769.501us,0V
8772.500us,0V
8772.501us,5V
8774.500us,5V
8774.501us,0V
8777.500us,0V
8777.501us,5V
8779.500us,5V
8779.501us,0V
8782.500us,0V
8782.501us,5V
8784.500us,5V
8784.501us,0V
8787.500us,0V
8787.501us,5V
8789.500us,5V
8789.501us,0V
8792.500us,0V
8792.501us,5V
8794.500us,5V
8794.501us,0V
8797.500us,0V
8797.501us,5V
8799.500us,5V
8799.501us,0V
8802.500us,0V
8802.501us,5V
8804.500us,5V
8804.501us,0V
8807.500us,0V
8807.501us,5V
8809.500us,5V
8809.501us,0V
8812.500us,0V
8812.501us,5V
8814.500us,5V
8814.501us,0V
8817.500us,0V
8817.501us,5V
8819.500us,5V
8819.501us,0V
8822.500us,0V
8822.501us,5V
8824.500us,5V
8824.501us,0V
8827.500us,0V
8827.501us,5V
8829.500us,5V
8829.501us,0V
8832.500us,0V
8832.501us,5V
8834.500us,5V
8834.501us,0V
8837.500us,0V
8837.501us,5V
8839.500us,5V
8839.501us,0V
8842.500us,0V
8842.501us,5V
8844.500us,5V
8844.501us,0V
8847.500us,0V
8847.501us,5V
8849.500us,5V
8849.501us,0V
8852.500us,0V
8852.501us,5V
8854.500us,5V
8854.501us,0V
8857.500us,0V
8857.501us,5V
8859.500us,5V
8859.501us,0V
8862.500us,0V
8862.501us,5V
8864.500us,5V
8864.501us,0V
8867.500us,0V
8867.501us,5V
8869.500us,5V
8869.501us,0V
8872.500us,0V
8872.501us,5V
8874.500us,5V
8874.501us,0V
8877.500us,0V
8877.501us,5V
8879.500us,5V
8879.501us,0V
8882.500us,0V
8882.501us,5V
8884.500us,5V
8884.501us,0V
8887.500us,0V
8887.501us,5V
8889.500us,5V
8889.501us,0V
8892.500us,0V
8892.501us,5V
8894.500us,5V
8894.501us,0V
8897.500us,0V
8897.501us,5V
8899.500us,5V
8899.501us,0V
8902.500us,0V
8902.501us,5V
8904.500us,5V
8904.501us,0V
8907.500us,0V
8907.501us,5V
8909.500us,5V
8909.501us,0V
8912.500us,0V
8912.501us,5V
8914.500us,5V
8914.501us,0V
8917.500us,0V
8917.501us,5V
8919.500us,5V
8919.501us,0V
8922.500us,0V
8922.501us,5V
8924.500us,5V
8924.501us,0V
8927.500us,0V
8927.501us,5V
8929.500us,5V
8929.501us,0V
8932.500us,0V
8932.501us,5V
8934.500us,5V
8934.501us,0V
8937.500us,0V
8937.501us,5V
8939.500us,5V
8939.501us,0V
8942.500us,0V
8942.501us,5V
8944.500us,5V
8944.501us,0V
8947.500us,0V
8947.501us,5V
8949.500us,5V
8949.501us,0V
8952.500us,0V
8952.501us,5V
8954.500us,5V
8954.501us,0V
8957.500us,0V
8957.501us,5V
8959.500us,5V
8959.501us,0V
8962.500us,0V
8962.501us,5V
8964.500us,5V
8964.501us,0V
8967.500us,0V
8967.501us,5V
8969.500us,5V
8969.501us,0V
8972.500us,0V
8972.501us,5V
8974.500us,5V
8974.501us,0V
8977.500us,0V
8977.501us,5V
8979.500us,5V
8979.501us,0V
8982.500us,0V
8982.501us,5V
8984.500us,5V
8984.501us,0V
8987.500us,0V
8987.501us,5V
8989.500us,5V
8989.501us,0V
8992.500us,0V
8992.501us,5V
8994.500us,5V
8994.501us,0V
8997.500us,0V
8997.501us,5V
8999.500us,5V
8999.501us,0V
9002.500us,0V
9002.501us,5V
9004.500us,5V
9004.501us,0V
9007.500us,0V
9007.501us,5V
9009.500us,5V
9009.501us,0V
9012.500us,0V
9012.501us,5V
9014.500us,5V
9014.501us,0V
9017.500us,0V
9017.501us,5V
9019.500us,5V
9019.501us,0V
9022.500us,0V
9022.501us,5V
9024.500us,5V
9024.501us,0V
9027.500us,0V
9027.501us,5V
9029.500us,5V
9029.501us,0V
9032.500us,0V
9032.501us,5V
9034.500us,5V
9034.501us,0V
9037.500us,0V
9037.501us,5V
9039.500us,5V
9039.501us,0V
9042.500us,0V
9042.501us,5V
9044.500us,5V
9044.501us,0V
9047.500us,0V
9047.501us,5V
9049.500us,5V
9049.501us,0V
9052.500us,0V
9052.501us,5V
9054.500us,5V
9054.501us,0V
9057.500us,0V
9057.501us,5V
9059.500us,5V
9059.501us,0V
9062.500us,0V
9062.501us,5V
9064.500us,5V
9064.501us,0V
9067.500us,0V
9067.501us,5V
9069.500us,5V
9069.501us,0V
9072.500us,0V
9072.501us,5V
9074.500us,5V
9074.501us,0V
9077.500us,0V
9077.501us,5V
9079.500us,5V
9079.501us,0V
9082.500us,0V
9082.501us,5V
9084.500us,5V
9084.501us,0V
9087.500us,0V
9087.501us,5V
9089.500us,5V
9089.501us,0V
9092.500us,0V
9092.501us,5V
9094.500us,5V
9094.501us,0V
9097.500us,0V
9097.501us,5V
9099.500us,5V
9099.501us,0V
9102.500us,0V
9102.501us,5V
9104.500us,5V
9104.501us,0V
9107.500us,0V
9107.501us,5V
9109.500us,5V
9109.501us,0V
9112.500us,0V
9112.501us,5V
9114.500us,5V
9114.501us,0V
9117.500us,0V
9117.501us,5V
9119.500us,5V
9119.501us,0V
9122.500us,0V
9122.501us,5V
9124.500us,5V
9124.501us,0V
9127.500us,0V
9127.501us,5V
9129.500us,5V
9129.501us,0V
9132.500us,0V
9132.501us,5V
9134.500us,5V
9134.501us,0V
9137.500us,0V
9137.501us,5V
9139.500us,5V
9139.501us,0V
9142.500us,0V
9142.501us,5V
9144.500us,5V
9144.501us,0V
9147.500us,0V
9147.501us,5V
9149.500us,5V
9149.501us,0V
9152.500us,0V
9152.501us,5V
9154.500us,5V
9154.501us,0V
9157.500us,0V
9157.501us,5V
9159.500us,5V
9159.501us,0V
9162.500us,0V
9162.501us,5V
9164.500us,5V
9164.501us,0V
9167.500us,0V
9167.501us,5V
9169.500us,5V
9169.501us,0V
9172.500us,0V
9172.501us,5V
9174.500us,5V
9174.501us,0V
9177.500us,0V
9177.501us,5V
9179.500us,5V
9179.501us,0V
9182.500us,0V
9182.501us,5V
9184.500us,5V
9184.501us,0V
9187.500us,0V
9187.501us,5V
9189.500us,5V
9189.501us,0V
9192.500us,0V
9192.501us,5V
9194.500us,5V
9194.501us,0V
9197.500us,0V
9197.501us,5V
9199.500us,5V
9199.501us,0V
9202.500us,0V
9202.501us,5V
9204.500us,5V
9204.501us,0V
9207.500us,0V
9207.501us,5V
9209.500us,5V
9209.501us,0V
9212.500us,0V
9212.501us,5V
9214.500us,5V
9214.501us,0V
9217.500us,0V
9217.501us,5V
9219.500us,5V
9219.501us,0V
9222.500us,0V
9222.501us,5V
9224.500us,5V
9224.501us,0V
9227.500us,0V
9227.501us,5V
9229.500us,5V
9229.501us,0V
9232.500us,0V
9232.501us,5V
9234.500us,5V
9234.501us,0V
9237.500us,0V
9237.501us,5V
9239.500us,5V
9239.501us,0V
9242.500us,0V
9242.501us,5V
9244.500us,5V
9244.501us,0V
9247.500us,0V
9247.501us,5V
9249.500us,5V
9249.501us,0V
9252.500us,0V
9252.501us,5V
9254.500us,5V
9254.501us,0V
